,NumberOfBorrowers,minBal,maxBal,percentage
0,9028800,,5000,0.20830997321372952
1,7785500,5001,10000,0.1796248999264012
2,12348000,10001,25000,0.2848896364127162
3,7997000,25001,50000,0.18450456935475312
4,3126800,50001,75000,0.0721406636811857
5,1238100,75001,100000,0.028565100327387752
6,1026100,100001,150000,0.023673895037503084
7,444200,150001,200000,0.010248459385692302
8,348600,200000,,0.008042802660631104
